age,sex,cp,trestbps,chol,fbs,thalach,exang,oldpeak,ca ,target
49,0,3,177,150,0,95,0,2.3,0,0
56,1,0,124,172,1,86,1,0.5,0,1
66,0,3,100,239,0,105,0,1.7,0,0
64,0,0,168,222,0,95,1,2.8,0,1
60,1,2,153,358,0,147,0,3.2,0,1
48,1,2,187,355,0,89,0,2,0,1
38,1,3,99,165,0,158,1,1.4,2,1
58,0,0,128,368,0,86,1,2.8,2,1
53,1,0,153,307,0,100,0,0.2,1,0
44,1,3,157,167,0,185,0,2.2,0,1
64,1,3,139,320,0,109,0,0.7,0,1
29,1,1,127,270,0,108,0,2.1,1,1
73,0,3,193,326,1,173,0,0.4,2,1
33,0,3,114,182,0,84,0,0,0,0
52,0,0,120,318,0,135,0,2.4,2,0
60,0,3,155,285,0,107,0,3,1,1
